CREATE DATABASE  IF NOT EXISTS `biggins_airport`;
USE `biggins_airport`;
-- Table structure for table `aircraft`

DROP TABLE IF EXISTS `aircraft`;

CREATE TABLE `aircraft` (
  `AircraftID` int NOT NULL AUTO_INCREMENT,
  `OwnerID` int NOT NULL COMMENT 'connect to customer id',
  `Type` varchar(50) DEFAULT NULL,
  `ModelNumber` varchar(50) DEFAULT NULL,
  `Size` varchar(50) DEFAULT NULL,
  `Capacity` varchar(50) DEFAULT NULL,
  `Purchasedate` date DEFAULT NULL,
  `reg_number` varchar(45) NOT NULL,
  PRIMARY KEY (`AircraftID`),
  UNIQUE KEY `AircraftID_UNIQUE` (`AircraftID`),
  KEY `fk_aircraft_customer1_idx` (`OwnerID`),
  CONSTRAINT `fk_aircraft_customer1` FOREIGN KEY (`OwnerID`) REFERENCES `customer` (`CustomerID`)
) ENGINE=InnoDB AUTO_INCREMENT=37 DEFAULT CHARSET=utf8mb4 COLLATE=utf8mb4_0900_ai_ci;

-- Dumping data for table `aircraft`

LOCK TABLES `aircraft` WRITE;

INSERT INTO `aircraft` VALUES (1,1,'propellor planes','XA-DON','small','passenger','2023-10-30','REG890'),(2,2,'propellor planes','G-WIRG','medium/large','cargo','2023-08-06','REG257'),(3,4,'propellor planes','N180NL','small','passenger','2023-09-13','REG359'),(4,9,'propellor planes','YU-PMK','small','passenger','2023-05-29','REG56'),(5,8,'propellor planes','G-FFFC','medium/large','passenger','2023-12-20','REG46'),(6,5,'propellor planes','D-IPPY','small','cargo','2023-07-05','REG507'),(7,4,'small jest','EW-502LL','small','cargo','2023-06-12','REG928'),(8,3,'small jest','TC-LAA','small','cargo','2024-02-22','REG969'),(9,6,'small jest','9H-GIO','small','passenger','2023-12-01','REG989'),(10,10,'small jest','VT-IBR','medium/large','passenger','2024-03-03','REG203'),(11,7,'business','TC-TKC','medium/large','passenger','2023-12-30','REG4'),(12,3,'business','OK-ESC','small','cargo','2023-11-27','REG151');

UNLOCK TABLES;

-- Table structure for table `cleaning`

DROP TABLE IF EXISTS `cleaning`;

CREATE TABLE `cleaning` (
  `CleaningID` int NOT NULL,
  `AircraftID` int NOT NULL,
  `teamID` int NOT NULL,
  `Date` date DEFAULT NULL,
  `Time` time DEFAULT NULL,
  `duration` time DEFAULT NULL,
  `cost` decimal(6,2) NOT NULL,
  `Description` varchar(200) DEFAULT NULL,
  PRIMARY KEY (`CleaningID`),
  UNIQUE KEY `CleaningID_UNIQUE` (`CleaningID`),
  KEY `fk_cleaning_serviceteams1_idx` (`teamID`),
  KEY `fk_cleaning_aircraft1_idx` (`AircraftID`),
  CONSTRAINT `fk_cleaning_aircraft1` FOREIGN KEY (`AircraftID`) REFERENCES `aircraft` (`AircraftID`),
  CONSTRAINT `fk_cleaning_serviceteams1` FOREIGN KEY (`teamID`) REFERENCES `serviceteams` (`TeamID`)
) ENGINE=InnoDB DEFAULT CHARSET=utf8mb4 COLLATE=utf8mb4_0900_ai_ci;

-- Dumping data for table `cleaning`

LOCK TABLES `cleaning` WRITE;

INSERT INTO `cleaning` VALUES (1,5,3,'2023-10-01','09:15:00','03:30:00',2500.00,NULL),(2,8,6,'2023-10-02','14:20:00','02:45:00',1800.00,NULL),(3,2,9,'2023-10-03','11:00:00','03:15:00',2200.00,NULL),(4,7,4,'2023-10-04','16:30:00','02:30:00',1500.00,NULL),(5,1,7,'2023-10-05','10:45:00','03:45:00',3000.00,NULL),(6,4,2,'2023-10-06','13:10:00','02:20:00',1300.00,NULL),(7,9,5,'2023-10-07','08:00:00','04:00:00',3500.00,NULL),(8,3,8,'2023-10-08','15:25:00','03:00:00',2000.00,NULL),(9,6,1,'2023-10-09','12:40:00','02:50:00',1900.00,NULL),(10,10,10,'2023-10-10','17:15:00','03:15:00',2300.00,NULL),(11,7,3,'2023-10-11','09:30:00','03:45:00',2800.00,NULL),(12,2,6,'2023-10-12','14:00:00','02:30:00',1400.00,NULL),(13,5,9,'2023-10-13','11:20:00','03:00:00',2100.00,NULL),(14,8,4,'2023-10-14','16:45:00','02:45:00',1700.00,NULL),(15,3,7,'2023-10-15','10:10:00','04:10:00',3300.00,NULL),(16,6,2,'2023-10-16','13:35:00','02:15:00',1200.00,NULL),(17,1,5,'2023-10-17','08:25:00','03:30:00',2600.00,NULL),(18,9,8,'2023-10-18','15:50:00','03:20:00',2400.00,NULL),(19,4,1,'2023-10-19','12:05:00','02:40:00',1600.00,NULL),(20,10,10,'2023-10-20','17:40:00','03:40:00',3100.00,NULL),(21,6,3,'2023-10-21','09:55:00','03:55:00',3000.00,NULL),(22,1,6,'2023-10-22','14:25:00','02:20:00',1300.00,NULL),(23,8,9,'2023-10-23','11:45:00','03:15:00',2300.00,NULL),(24,3,4,'2023-10-24','17:10:00','02:35:00',1500.00,NULL),(25,7,7,'2023-10-25','10:30:00','04:00:00',3400.00,NULL),(26,2,2,'2023-10-26','13:55:00','02:05:00',1100.00,NULL),(27,5,5,'2023-10-27','08:40:00','03:40:00',2700.00,NULL),(28,9,8,'2023-10-28','16:15:00','03:30:00',2500.00,NULL),(29,4,1,'2023-10-29','12:25:00','02:50:00',1800.00,NULL),(30,10,10,'2023-10-30','18:00:00','03:50:00',3200.00,NULL),(31,8,3,'2023-10-31','10:10:00','04:10:00',3500.00,NULL),(32,3,6,'2023-11-01','14:40:00','02:15:00',1200.00,NULL),(33,6,9,'2023-11-02','12:00:00','03:30:00',2400.00,NULL),(34,1,4,'2023-11-03','17:30:00','02:45:00',1700.00,NULL),(35,9,7,'2023-11-04','10:50:00','04:20:00',3600.00,NULL),(36,4,2,'2023-11-05','14:10:00','02:10:00',1000.00,NULL),(37,7,5,'2023-11-06','08:55:00','03:50:00',2900.00,NULL),(38,2,8,'2023-11-07','16:35:00','03:40:00',2600.00,NULL),(39,5,1,'2023-11-08','12:45:00','03:00:00',2000.00,NULL),(40,10,10,'2023-11-09','18:20:00','04:00:00',3300.00,NULL),(41,7,3,'2023-11-10','10:30:00','04:30:00',4000.00,NULL),(42,1,6,'2023-11-11','15:00:00','02:00:00',1100.00,NULL),(43,9,9,'2023-11-12','12:20:00','03:40:00',2700.00,NULL),(44,4,4,'2023-11-13','17:50:00','03:10:00',2200.00,NULL),(45,8,7,'2023-11-14','11:10:00','04:30:00',3700.00,NULL),(46,3,2,'2023-11-15','14:30:00','02:30:00',1400.00,NULL),(47,6,5,'2023-11-16','09:15:00','04:00:00',3100.00,NULL),(48,2,8,'2023-11-17','16:55:00','03:50:00',2800.00,NULL),(49,5,1,'2023-11-18','13:05:00','03:20:00',2300.00,NULL),(50,10,10,'2023-11-19','18:40:00','04:20:00',3900.00,NULL),(51,9,3,'2023-11-20','10:50:00','04:40:00',4500.00,NULL),(52,4,6,'2023-11-21','15:20:00','02:20:00',1300.00,NULL),(53,7,9,'2023-11-22','12:40:00','03:50:00',2900.00,NULL),(54,1,4,'2023-11-23','18:10:00','03:30:00',2400.00,NULL),(55,8,7,'2023-11-24','11:30:00','04:40:00',4100.00,NULL),(56,3,2,'2023-11-25','14:50:00','02:40:00',1500.00,NULL),(57,6,5,'2023-11-26','09:35:00','04:10:00',3400.00,NULL),(58,2,8,'2023-11-27','17:15:00','04:00:00',3000.00,NULL),(59,5,1,'2023-11-28','13:25:00','03:30:00',2500.00,NULL),(60,10,10,'2023-11-29','19:00:00','04:30:00',4200.00,NULL),(61,7,3,'2023-11-30','11:10:00','04:50:00',4700.00,NULL),(62,1,6,'2023-12-01','15:40:00','02:30:00',1400.00,NULL),(63,9,9,'2023-12-02','13:00:00','04:00:00',3100.00,NULL),(64,4,4,'2023-12-03','18:30:00','03:40:00',2600.00,NULL),(65,8,7,'2023-12-04','11:50:00','04:50:00',4300.00,NULL),(66,3,2,'2023-12-05','15:10:00','02:50:00',1600.00,NULL),(67,6,5,'2023-12-06','09:55:00','04:20:00',3600.00,NULL),(68,2,8,'2023-12-07','17:35:00','04:10:00',3200.00,NULL),(69,5,1,'2023-12-08','13:45:00','03:40:00',2700.00,NULL),(70,10,10,'2023-12-09','19:20:00','04:40:00',4400.00,NULL),(71,9,3,'2023-12-10','11:30:00','05:00:00',5000.00,NULL),(72,4,6,'2023-12-11','16:00:00','02:40:00',1500.00,NULL),(73,7,9,'2023-12-12','13:20:00','04:10:00',3300.00,NULL),(74,1,4,'2023-12-13','18:50:00','03:50:00',2800.00,NULL),(75,8,7,'2023-12-14','12:10:00','05:00:00',4500.00,NULL),(76,3,2,'2023-12-15','15:30:00','03:00:00',1700.00,NULL),(77,6,5,'2023-12-16','10:15:00','04:30:00',3800.00,NULL),(78,2,8,'2023-12-17','17:55:00','04:20:00',3400.00,NULL),(79,5,1,'2023-12-18','14:05:00','03:50:00',2900.00,NULL),(80,10,10,'2023-12-19','19:40:00','04:50:00',4600.00,NULL),(81,7,3,'2023-12-20','11:50:00','05:10:00',5000.00,NULL),(82,1,6,'2023-12-21','16:20:00','02:50:00',1600.00,NULL),(83,9,9,'2023-12-22','13:40:00','04:20:00',3500.00,NULL),(84,4,4,'2023-12-23','19:10:00','04:00:00',2900.00,NULL),(85,8,7,'2023-12-24','12:30:00','05:10:00',4700.00,NULL),(86,3,2,'2023-12-25','15:50:00','03:10:00',1800.00,NULL),(87,6,5,'2023-12-26','10:35:00','04:40:00',4000.00,NULL),(88,2,8,'2023-12-27','18:15:00','04:30:00',3600.00,NULL),(89,5,1,'2023-12-28','14:25:00','04:00:00',3100.00,NULL),(90,10,10,'2023-12-29','20:00:00','05:00:00',4800.00,NULL),(91,9,3,'2023-12-30','12:10:00','05:20:00',5000.00,NULL),(92,4,6,'2023-12-31','16:40:00','03:00:00',1700.00,NULL),(93,7,9,'2024-01-01','14:00:00','04:30:00',3700.00,NULL),(94,1,4,'2024-01-02','19:30:00','04:10:00',3100.00,NULL),(95,8,7,'2024-01-03','12:50:00','05:20:00',4900.00,NULL),(96,3,2,'2024-01-04','16:10:00','03:20:00',1900.00,NULL),(97,5,3,'2023-10-15','09:23:12','03:15:00',2500.00,NULL),(98,8,6,'2023-10-22','14:38:45','02:30:00',1800.50,NULL),(99,2,9,'2023-10-29','11:12:09','03:45:00',3200.75,NULL),(100,7,1,'2023-11-05','16:55:33','02:15:00',1500.25,NULL),(101,4,4,'2023-11-12','08:19:57','03:00:00',2100.00,NULL),(102,9,7,'2023-11-19','13:42:21','02:45:00',2400.50,NULL),(103,3,10,'2023-11-26','10:05:45','03:30:00',3000.75,NULL),(104,6,2,'2023-12-03','15:28:09','02:00:00',1300.00,NULL),(105,1,5,'2023-12-10','09:51:33','03:15:00',2700.25,NULL),(106,10,8,'2023-12-17','14:14:57','02:30:00',1900.00,NULL),(107,5,1,'2023-12-24','11:37:21','03:45:00',3400.50,NULL),(108,8,4,'2023-12-31','16:00:45','02:15:00',1600.75,NULL),(109,2,7,'2024-01-07','08:23:09','03:00:00',2200.00,NULL),(110,7,10,'2024-01-14','13:46:33','02:45:00',2500.25,NULL),(111,4,2,'2024-01-21','10:09:57','03:30:00',3100.50,NULL),(112,9,5,'2024-01-28','15:32:21','02:00:00',1400.75,NULL),(113,3,8,'2024-02-04','09:55:45','03:15:00',2800.00,NULL),(114,6,1,'2024-02-11','14:18:09','02:30:00',2000.25,NULL),(115,1,4,'2024-02-18','11:41:33','03:45:00',3500.50,NULL),(116,10,7,'2024-02-25','16:04:57','02:15:00',1700.75,NULL),(117,5,10,'2024-03-03','08:27:21','03:00:00',2300.00,NULL),(118,8,2,'2024-03-10','13:50:45','02:45:00',2600.25,NULL),(119,2,5,'2024-03-17','10:13:09','03:30:00',3200.50,NULL),(120,7,8,'2024-03-24','15:36:33','02:00:00',1500.75,NULL),(121,4,1,'2024-03-31','09:59:57','03:15:00',2900.00,NULL),(122,9,4,'2023-10-16','14:22:21','02:30:00',1900.25,NULL),(123,3,7,'2023-10-23','11:45:45','03:45:00',3600.50,NULL),(124,6,10,'2023-10-30','16:08:09','02:15:00',1800.75,NULL),(125,1,2,'2023-11-06','08:31:33','03:00:00',2400.00,NULL),(126,10,5,'2023-11-13','13:54:57','02:45:00',2700.25,NULL),(127,5,8,'2023-11-20','10:17:21','03:30:00',3300.50,NULL),(128,8,1,'2023-11-27','15:40:45','02:00:00',1600.75,NULL),(129,2,4,'2023-12-04','09:03:09','03:15:00',3000.00,NULL),(130,7,7,'2023-12-11','14:26:33','02:30:00',2100.25,NULL),(131,4,10,'2023-12-18','11:49:57','03:45:00',3700.50,NULL),(132,9,2,'2023-12-25','16:12:21','02:15:00',1900.75,NULL),(133,3,5,'2024-01-01','08:35:45','03:00:00',2500.00,NULL),(134,6,8,'2024-01-08','13:58:09','02:45:00',2800.25,NULL),(135,1,1,'2024-01-15','10:21:33','03:30:00',3400.50,NULL),(136,10,4,'2024-01-22','15:44:57','02:00:00',1700.75,NULL),(137,5,7,'2024-01-29','09:07:21','03:15:00',3100.00,NULL),(138,8,10,'2024-02-05','14:30:45','02:30:00',2200.25,NULL),(139,2,2,'2024-02-12','11:53:09','03:45:00',3800.50,NULL),(140,7,5,'2024-02-19','16:16:33','02:15:00',2000.75,NULL),(141,4,8,'2024-02-26','08:39:57','03:00:00',2600.00,NULL),(142,9,1,'2024-03-04','14:02:21','02:45:00',2900.25,NULL),(143,3,4,'2024-03-11','10:25:45','03:30:00',3500.50,NULL),(144,6,7,'2024-03-18','15:48:09','02:00:00',1800.75,NULL),(145,1,10,'2024-03-25','09:11:33','03:15:00',3200.00,NULL),(146,10,2,'2023-10-17','14:34:57','02:30:00',2000.25,NULL),(147,5,5,'2023-10-24','11:57:21','03:45:00',3700.50,NULL),(148,8,8,'2023-10-31','16:20:45','02:15:00',1900.75,NULL),(149,2,1,'2023-11-07','08:43:09','03:00:00',2500.00,NULL),(150,7,4,'2023-11-14','14:06:33','02:45:00',2800.25,NULL),(151,4,7,'2023-11-21','10:29:57','03:30:00',3400.50,NULL),(152,9,10,'2023-11-28','15:52:21','02:00:00',1700.75,NULL),(153,3,2,'2023-12-05','09:15:45','03:15:00',3100.00,NULL),(154,6,5,'2023-12-12','14:38:09','02:30:00',2200.25,NULL),(155,1,8,'2023-12-19','12:01:33','03:45:00',3800.50,NULL),(156,10,1,'2023-12-26','16:24:57','02:15:00',2000.75,NULL),(157,11,6,'2023-10-22','14:38:29','02:45:00',3876.54,NULL),(158,8,9,'2023-11-05','07:12:45','03:30:00',1234.56,NULL),(159,10,2,'2023-11-18','11:25:17','02:15:00',4567.89,NULL),(160,12,5,'2023-11-27','16:39:31','03:45:00',2345.67,NULL),(161,9,8,'2023-12-10','10:52:44','02:30:00',3456.78,NULL),(162,11,1,'2023-12-23','13:06:57','03:00:00',1234.56,NULL),(163,8,4,'2024-01-06','08:21:10','02:45:00',4567.89,NULL),(164,10,7,'2024-01-19','15:34:23','03:15:00',2345.67,NULL),(165,12,10,'2024-02-02','11:47:36','02:30:00',3876.54,NULL),(166,9,3,'2024-02-15','17:00:49','03:45:00',1234.56,NULL),(167,11,6,'2024-02-28','09:14:02','02:15:00',4567.89,NULL),(168,8,9,'2024-03-13','13:27:15','03:30:00',2345.67,NULL),(169,10,2,'2023-10-08','18:40:28','02:45:00',3456.78,NULL),(170,12,5,'2023-10-21','07:53:41','03:00:00',1234.56,NULL),(171,9,8,'2023-11-04','15:06:54','02:45:00',4567.89,NULL),(172,11,1,'2023-11-17','10:20:07','03:15:00',2345.67,NULL),(173,8,4,'2023-11-30','16:33:20','02:30:00',3876.54,NULL),(174,10,7,'2023-12-14','11:46:33','03:45:00',1234.56,NULL),(175,12,10,'2023-12-28','08:59:46','02:15:00',4567.89,NULL),(176,9,3,'2024-01-10','14:12:59','03:30:00',2345.67,NULL),(177,11,6,'2024-01-24','09:26:12','02:45:00',3456.78,NULL),(178,8,9,'2024-02-06','16:39:25','03:00:00',1234.56,NULL),(179,10,2,'2024-02-20','11:52:38','02:45:00',4567.89,NULL),(180,12,5,'2024-03-05','08:05:51','03:15:00',2345.67,NULL),(181,9,8,'2023-10-01','13:18:04','02:30:00',3876.54,NULL),(182,11,1,'2023-10-14','17:31:17','03:45:00',1234.56,NULL),(183,8,4,'2023-10-28','10:44:30','02:15:00',4567.89,NULL),(184,10,7,'2023-11-10','15:57:43','03:30:00',2345.67,NULL),(185,12,10,'2023-11-24','09:10:56','02:45:00',3456.78,NULL),(186,9,3,'2023-12-07','16:24:09','03:00:00',1234.56,NULL),(187,11,6,'2023-12-21','11:37:22','02:45:00',4567.89,NULL),(188,8,9,'2024-01-03','08:50:35','03:15:00',2345.67,NULL),(189,10,2,'2024-01-17','14:03:48','02:30:00',3876.54,NULL),(190,12,5,'2024-02-29','09:17:01','03:45:00',1234.56,NULL);

UNLOCK TABLES;

-- Table structure for table `customer`

DROP TABLE IF EXISTS `customer`;

CREATE TABLE `customer` (
  `CustomerID` int NOT NULL AUTO_INCREMENT,
  `Name` varchar(50) DEFAULT NULL,
  `Email` varchar(50) DEFAULT NULL,
  `Address` varchar(100) DEFAULT NULL,
  `Phone` varchar(50) DEFAULT NULL,
  `IsCorporation` tinyint(1) NOT NULL,
  PRIMARY KEY (`CustomerID`),
  UNIQUE KEY `CustomerID_UNIQUE` (`CustomerID`)
) ENGINE=InnoDB AUTO_INCREMENT=21 DEFAULT CHARSET=utf8mb4 COLLATE=utf8mb4_0900_ai_ci;

-- Dumping data for table `customer`

LOCK TABLES `customer` WRITE;

INSERT INTO `customer` VALUES (1,'John Doe','john.doe@example.com','123 Main St, Anytown USA','1234567890',0),(2,'Jane Smith','jane.smith@example.com','456 Oak Rd, Somewhere City','987654321',0),(3,'Acme Corporation','info@acme.com','789 Industrial Blvd, Metropolis','5551234567',1),(4,'Sarah Johnson','sarah.johnson@example.com','321 Elm St, Smallville','1112223333',0),(5,'Globex Inc.','sales@globex.com','159 Technology Dr, Silicon Valley','4445556666',1),(6,'Michael Brown','michael.brown@example.com','753 Maple Ave, Hometown','7778889999',0),(7,'Stark Industries','info@stark.com','951 Innovation Way, Futureville','2223334444',1),(8,'Emily Davis','emily.davis@example.com','357 Oak St, Suburbia','6667778888',0),(9,'Umbrella Corporation','info@umbrella.com','753 Biohazard Rd, Raccoon City','1234567890',1),(10,'David Wilson','david.wilson@example.com','159 Maple Ln, Smalltown','987654321',0);

UNLOCK TABLES;

-- Table structure for table `employee`

DROP TABLE IF EXISTS `employee`;

CREATE TABLE `employee` (
  `EmployeeID` int NOT NULL,
  `Name` varchar(50) DEFAULT NULL,
  `Address` varchar(100) DEFAULT NULL,
  `Phone` varchar(50) DEFAULT NULL,
  `Email` varchar(50) DEFAULT NULL,
  `Salary` int DEFAULT NULL,
  `ShiftWorked` varchar(50) DEFAULT NULL,
  `GeneralMaintenanceSkillsets` varchar(100) DEFAULT NULL,
  PRIMARY KEY (`EmployeeID`)
) ENGINE=InnoDB DEFAULT CHARSET=utf8mb4 COLLATE=utf8mb4_0900_ai_ci;

-- Dumping data for table `employee`

LOCK TABLES `employee` WRITE;

INSERT INTO `employee` VALUES (1,'Ethan Flores','3456 Oak Street, Los Angeles, CA 90001','1234567890','ethan.flores@airport.com',50000,'Day Shift','Fueling, Cleaning, Engine Repair'),(2,'Olivia Hernandez','7890 Maple Avenue, Chicago, IL 60601','987654321','olivia.hernandez@airport.com',55000,'Night Shift','Fueling, Cleaning, Hydraulic Repair'),(3,'William Diaz','2468 Pine Road, Houston, TX 77001','1357924680','william.diaz@airport.com',48000,'Day Shift','Fueling, Cleaning, Electrical Repair'),(4,'Isabella Ramirez','1357 Oak Lane, Miami, FL 33101','2468013579','isabella.ramirez@airport.com',52000,'Night Shift','Fueling, Cleaning, Avionics Repair'),(5,'Jacob Morales','4680 Elm Street, Atlanta, GA 30301','3698521470','jacob.morales@airport.com',49000,'Day Shift','Fueling, Cleaning, Structural Repair'),(6,'Sophia Castillo','2468 Maple Boulevard, Seattle, WA 98101','7894561230','sophia.castillo@airport.com',53000,'Night Shift','Fueling, Cleaning, Pneumatic Repair'),(7,'Daniel Gutierrez','1357 Pine Avenue, Denver, CO 80201','4561237890','daniel.gutierrez@airport.com',47000,'Day Shift','Fueling, Cleaning, Instrument Repair'),(8,'Mia Reyes','2468 Oak Road, Phoenix, AZ 85001','8901234567','mia.reyes@airport.com',51000,'Night Shift','Fueling, Cleaning, Hydraulic Repair'),(9,'Alexander Mendoza','1357 Elm Street, Portland, OR 97201','3456789012','alexander.mendoza@airport.com',48500,'Day Shift','Fueling, Cleaning, Electrical Repair'),(10,'Emma Vargas','2468 Maple Lane, Las Vegas, NV 89101','7890123456','emma.vargas@airport.com',52500,'Night Shift','Fueling, Cleaning, Avionics Repair'),(11,'Joshua Jimenez','1357 Pine Boulevard, San Francisco, CA 94101','2345678901','joshua.jimenez@airport.com',49500,'Day Shift','Fueling, Cleaning, Structural Repair'),(12,'Abigail Ortiz','2468 Oak Avenue, Seattle, WA 98101','6789012345','abigail.ortiz@airport.com',53500,'Night Shift','Fueling, Cleaning, Pneumatic Repair'),(13,'Matthew Soto','1357 Elm Road, Denver, CO 80201','123456789','matthew.soto@airport.com',47500,'Day Shift','Fueling, Cleaning, Instrument Repair'),(14,'Isabella Diaz','2468 Maple Street, Phoenix, AZ 85001','5678901234','isabella.diaz@airport.com',51500,'Night Shift','Fueling, Cleaning, Hydraulic Repair'),(15,'Jacob Ramirez','1357 Pine Lane, Portland, OR 97201','9012345678','jacob.ramirez@airport.com',48000,'Day Shift','Fueling, Cleaning, Electrical Repair'),(16,'Sophia Morales','2468 Oak Boulevard, Las Vegas, NV 89101','4567890123','sophia.morales@airport.com',52000,'Night Shift','Fueling, Cleaning, Avionics Repair'),(17,'Daniel Castillo','1357 Maple Avenue, San Francisco, CA 94101','8901234567','daniel.castillo@airport.com',49000,'Day Shift','Fueling, Cleaning, Structural Repair'),(18,'Mia Gutierrez','2468 Pine Road, Seattle, WA 98101','2345678901','mia.gutierrez@airport.com',53000,'Night Shift','Fueling, Cleaning, Pneumatic Repair'),(19,'Alexander Reyes','1357 Oak Street, Denver, CO 80201','6789012345','alexander.reyes@airport.com',47000,'Day Shift','Fueling, Cleaning, Instrument Repair'),(20,'Emma Mendoza','2468 Elm Lane, Phoenix, AZ 85001','123456789','emma.mendoza@airport.com',51000,'Night Shift','Fueling, Cleaning, Hydraulic Repair'),(21,'Joshua Vargas','1357 Pine Boulevard, Portland, OR 97201','4567890123','joshua.vargas@airport.com',48500,'Day Shift','Fueling, Cleaning, Electrical Repair'),(22,'Abigail Jimenez','2468 Oak Avenue, Las Vegas, NV 89101','8901234567','abigail.jimenez@airport.com',52500,'Night Shift','Fueling, Cleaning, Avionics Repair'),(23,'Matthew Ortiz','1357 Maple Street, San Francisco, CA 94101','2345678901','matthew.ortiz@airport.com',49500,'Day Shift','Fueling, Cleaning, Structural Repair'),(24,'Isabella Soto','2468 Pine Road, Seattle, WA 98101','6789012345','isabella.soto@airport.com',53500,'Night Shift','Fueling, Cleaning, Pneumatic Repair'),(25,'Jacob Diaz','1357 Oak Lane, Denver, CO 80201','123456789','jacob.diaz@airport.com',47500,'Day Shift','Fueling, Cleaning, Instrument Repair'),(26,'Sophia Ramirez','2468 Elm Street, Phoenix, AZ 85001','4567890123','sophia.ramirez@airport.com',51500,'Night Shift','Fueling, Cleaning, Hydraulic Repair'),(27,'Daniel Morales','1357 Pine Avenue, Portland, OR 97201','8901234567','daniel.morales@airport.com',48000,'Day Shift','Fueling, Cleaning, Electrical Repair'),(28,'Mia Castillo','2468 Maple Boulevard, Las Vegas, NV 89101','2345678901','mia.castillo@airport.com',52000,'Night Shift','Fueling, Cleaning, Avionics Repair'),(29,'Alexander Gutierrez','1357 Oak Road, San Francisco, CA 94101','6789012345','alexander.gutierrez@airport.com',49000,'Day Shift','Fueling, Cleaning, Structural Repair'),(30,'Emma Reyes','2468 Elm Street, Seattle, WA 98101','123456789','emma.reyes@airport.com',53000,'Night Shift','Fueling, Cleaning, Pneumatic Repair'),(31,'Joshua Mendoza','1357 Pine Lane, Denver, CO 80201','4567890123','joshua.mendoza@airport.com',47000,'Day Shift','Fueling, Cleaning, Instrument Repair'),(32,'Abigail Vargas','2468 Oak Boulevard, Phoenix, AZ 85001','8901234567','abigail.vargas@airport.com',51000,'Night Shift','Fueling, Cleaning, Hydraulic Repair'),(33,'Matthew Jimenez','1357 Maple Avenue, Portland, OR 97201','2345678901','matthew.jimenez@airport.com',48500,'Day Shift','Fueling, Cleaning, Electrical Repair'),(34,'Isabella Ortiz','2468 Pine Road, Las Vegas, NV 89101','6789012345','isabella.ortiz@airport.com',52500,'Night Shift','Fueling, Cleaning, Avionics Repair'),(35,'Jacob Soto','1357 Oak Street, San Francisco, CA 94101','123456789','jacob.soto@airport.com',49500,'Day Shift','Fueling, Cleaning, Structural Repair'),(36,'Sophia Diaz','2468 Elm Lane, Seattle, WA 98101','4567890123','sophia.diaz@airport.com',53500,'Night Shift','Fueling, Cleaning, Pneumatic Repair'),(37,'Daniel Ramirez','1357 Pine Boulevard, Denver, CO 80201','8901234567','daniel.ramirez@airport.com',47500,'Day Shift','Fueling, Cleaning, Instrument Repair'),(38,'Mia Morales','2468 Oak Avenue, Phoenix, AZ 85001','2345678901','mia.morales@airport.com',51500,'Night Shift','Fueling, Cleaning, Hydraulic Repair'),(39,'Alexander Castillo','1357 Maple Street, Portland, OR 97201','6789012345','alexander.castillo@airport.com',48000,'Day Shift','Fueling, Cleaning, Electrical Repair'),(40,'Emma Gutierrez','2468 Pine Road, Las Vegas, NV 89101','123456789','emma.gutierrez@airport.com',52000,'Night Shift','Fueling, Cleaning, Avionics Repair'),(41,'Joshua Reyes','1357 Oak Lane, San Francisco, CA 94101','4567890123','joshua.reyes@airport.com',49000,'Day Shift','Fueling, Cleaning, Structural Repair'),(42,'Abigail Mendoza','2468 Elm Street, Seattle, WA 98101','8901234567','abigail.mendoza@airport.com',53000,'Night Shift','Fueling, Cleaning, Pneumatic Repair'),(43,'Matthew Vargas','1357 Pine Avenue, Denver, CO 80201','2345678901','matthew.vargas@airport.com',47000,'Day Shift','Fueling, Cleaning, Instrument Repair'),(44,'Isabella Jimenez','2468 Maple Boulevard, Phoenix, AZ 85001','6789012345','isabella.jimenez@airport.com',51000,'Night Shift','Fueling, Cleaning, Hydraulic Repair'),(45,'Jacob Ortiz','1357 Oak Road, Portland, OR 97201','123456789','jacob.ortiz@airport.com',48500,'Day Shift','Fueling, Cleaning, Electrical Repair'),(46,'Sophia Soto','2468 Elm Lane, Las Vegas, NV 89101','4567890123','sophia.soto@airport.com',52500,'Night Shift','Fueling, Cleaning, Avionics Repair'),(47,'Daniel Diaz','1357 Pine Boulevard, San Francisco, CA 94101','8901234567','daniel.diaz@airport.com',49500,'Day Shift','Fueling, Cleaning, Structural Repair'),(48,'Mia Ramirez','2468 Oak Avenue, Seattle, WA 98101','2345678901','mia.ramirez@airport.com',53500,'Night Shift','Fueling, Cleaning, Pneumatic Repair'),(49,'Alexander Morales','1357 Maple Street, Denver, CO 80201','6789012345','alexander.morales@airport.com',47500,'Day Shift','Fueling, Cleaning, Instrument Repair'),(50,'Emma Castillo','2468 Pine Road, Phoenix, AZ 85001','123456789','emma.castillo@airport.com',51500,'Night Shift','Fueling, Cleaning, Hydraulic Repair');

UNLOCK TABLES;

-- Table structure for table `flightrecord`

DROP TABLE IF EXISTS `flightrecord`;

CREATE TABLE `flightrecord` (
  `RecordID` int NOT NULL AUTO_INCREMENT,
  `PilotID` int NOT NULL,
  `AircraftID` int NOT NULL,
  `ArrivalDate` date NOT NULL,
  `DepartureDate` date NOT NULL,
  `landingfee` int NOT NULL COMMENT 'all 300',
  PRIMARY KEY (`RecordID`),
  UNIQUE KEY `RecordID_UNIQUE` (`RecordID`),
  KEY `fk_flightrecord_aircraft1_idx` (`AircraftID`),
  KEY `fk_flightrecord_pilot1_idx` (`PilotID`),
  CONSTRAINT `fk_flightrecord_aircraft1` FOREIGN KEY (`AircraftID`) REFERENCES `aircraft` (`AircraftID`),
  CONSTRAINT `fk_flightrecord_pilot1` FOREIGN KEY (`PilotID`) REFERENCES `pilot` (`PilotID`)
) ENGINE=InnoDB AUTO_INCREMENT=191 DEFAULT CHARSET=utf8mb4 COLLATE=utf8mb4_0900_ai_ci;

-- Dumping data for table `flightrecord`

LOCK TABLES `flightrecord` WRITE;

INSERT INTO `flightrecord` VALUES (1,5,9,'2023-10-02','2023-10-15',300),(2,8,3,'2023-10-05','2023-11-20',300),(3,2,11,'2023-10-08','2023-10-22',300),(4,6,7,'2023-10-11','2024-02-03',300),(5,10,1,'2023-10-14','2023-11-05',300),(6,3,12,'2023-10-17','2024-01-28',300),(7,7,5,'2023-10-20','2023-11-12',300),(8,1,8,'2023-10-23','2023-11-15',300),(9,9,2,'2023-10-26','2023-12-18',300),(10,4,10,'2023-10-29','2023-11-21',300),(11,6,6,'2023-11-01','2024-02-24',300),(12,10,4,'2023-11-04','2023-12-27',300),(13,2,9,'2023-11-07','2023-12-20',300),(14,8,3,'2023-11-10','2024-03-02',300),(15,5,11,'2023-11-13','2023-12-06',300),(16,1,7,'2023-11-16','2024-03-09',300),(17,7,1,'2023-11-19','2023-12-12',300),(18,3,8,'2023-11-22','2024-01-14',300),(19,9,2,'2023-11-25','2024-03-17',300),(20,4,10,'2023-11-28','2023-12-21',300),(21,6,6,'2023-12-01','2024-03-23',300),(22,10,4,'2023-12-04','2024-01-27',300),(23,2,9,'2023-12-07','2024-01-20',300),(24,8,3,'2023-12-10','2024-03-31',300),(25,5,11,'2023-12-13','2024-01-05',300),(26,1,7,'2023-12-16','2024-03-08',300),(27,7,1,'2023-12-19','2024-01-11',300),(28,3,8,'2023-12-22','2024-02-13',300),(29,9,2,'2023-12-25','2024-03-16',300),(30,4,10,'2023-12-28','2024-01-20',300),(31,6,6,'2023-12-31','2024-03-22',300),(32,10,4,'2024-01-03','2024-02-26',300),(33,2,9,'2024-01-06','2024-02-19',300),(34,8,3,'2024-01-09','2024-03-30',300),(35,5,11,'2024-01-12','2024-02-04',300),(36,1,7,'2024-01-15','2024-03-07',300),(37,7,1,'2024-01-18','2024-02-10',300),(38,3,8,'2024-01-21','2024-03-14',300),(39,9,2,'2024-01-24','2024-03-15',300),(40,4,10,'2024-01-27','2024-02-19',300),(41,6,6,'2024-01-30','2024-03-21',300),(42,10,4,'2024-02-02','2024-03-27',300),(43,2,9,'2024-02-05','2024-03-20',300),(44,8,3,'2024-02-08','2024-03-29',300),(45,5,11,'2024-02-11','2024-03-05',300),(46,1,7,'2024-02-14','2024-03-06',300),(47,7,1,'2024-02-17','2024-03-11',300),(48,3,8,'2024-02-20','2024-03-13',300),(49,9,2,'2024-02-23','2024-03-14',300),(50,4,10,'2024-02-26','2024-03-20',300),(51,6,6,'2024-02-29','2024-03-20',300),(52,10,4,'2024-03-03','2024-03-26',300),(53,2,9,'2024-03-06','2024-03-19',300),(54,8,3,'2024-03-09','2024-03-28',300),(55,5,11,'2024-03-12','2024-03-25',300),(56,1,7,'2024-03-15','2024-03-28',300),(57,7,1,'2024-03-18','2024-03-31',300),(58,3,8,'2024-03-21','2024-03-31',300),(59,9,2,'2024-03-24','2024-03-31',300),(60,4,10,'2024-03-27','2024-03-31',300),(61,6,6,'2024-03-30','2024-03-31',300),(62,3,7,'2023-10-05','2023-10-08',300),(63,6,2,'2023-10-12','2023-10-15',300),(64,1,11,'2023-10-18','2024-01-20',300),(65,8,5,'2023-10-23','2023-10-26',300),(66,4,9,'2023-10-29','2023-11-02',300),(67,10,3,'2023-11-06','2023-11-09',300),(68,2,12,'2023-11-13','2023-11-16',300),(69,7,1,'2023-11-20','2023-11-23',300),(70,5,8,'2023-11-27','2023-11-30',300),(71,9,4,'2023-12-04','2023-12-07',300),(72,3,6,'2023-12-11','2023-12-14',300),(73,6,10,'2023-12-18','2023-12-21',300),(74,1,7,'2023-12-25','2023-12-28',300),(75,8,2,'2024-01-01','2024-01-04',300),(76,4,11,'2024-01-08','2024-01-11',300),(77,10,5,'2024-01-15','2024-01-18',300),(78,2,9,'2024-01-22','2024-01-25',300),(79,7,3,'2024-01-29','2024-02-01',300),(80,5,12,'2024-02-05','2024-02-08',300),(81,9,1,'2024-02-12','2024-02-15',300),(82,3,8,'2024-02-19','2024-02-22',300),(83,6,4,'2024-02-26','2024-02-29',300),(84,1,6,'2024-03-04','2024-03-07',300),(85,8,10,'2024-03-11','2024-03-14',300),(86,4,7,'2024-03-18','2024-03-21',300),(87,10,2,'2024-03-25','2024-03-28',300),(88,2,11,'2023-10-02','2023-10-05',300),(89,7,5,'2023-10-09','2023-10-12',300),(90,5,9,'2023-10-16','2023-10-19',300),(91,9,3,'2023-10-23','2023-10-26',300),(92,3,12,'2023-10-30','2024-02-01',300),(93,6,1,'2023-11-06','2023-11-09',300),(94,1,8,'2023-11-13','2023-11-16',300),(95,8,4,'2023-11-20','2023-11-23',300),(96,4,6,'2023-11-27','2023-11-30',300),(97,10,10,'2023-12-04','2023-12-07',300),(98,2,7,'2023-12-11','2023-12-14',300),(99,7,2,'2023-12-18','2023-12-21',300),(100,5,11,'2023-12-25','2023-12-28',300),(101,9,5,'2024-01-01','2024-01-04',300),(102,3,9,'2024-01-08','2024-01-11',300),(103,6,3,'2024-01-15','2024-01-18',300),(104,1,12,'2024-01-22','2024-01-25',300),(105,8,1,'2024-01-29','2024-02-01',300),(106,4,8,'2024-02-05','2024-02-08',300),(107,10,4,'2024-02-12','2024-02-15',300),(108,2,6,'2024-02-19','2024-02-22',300),(109,7,10,'2024-02-26','2024-02-29',300),(110,5,7,'2024-03-04','2024-03-07',300),(111,9,2,'2024-03-11','2024-03-14',300),(112,3,11,'2024-03-18','2024-03-21',300),(113,6,5,'2024-03-25','2024-03-28',300),(114,1,9,'2023-10-07','2023-10-10',300),(115,8,3,'2023-10-14','2023-10-17',300),(116,4,12,'2023-10-21','2023-10-24',300),(117,10,1,'2023-10-28','2023-10-31',300),(118,2,8,'2023-11-04','2024-02-06',300),(119,7,4,'2023-11-11','2023-11-14',300),(120,5,6,'2023-11-18','2023-11-21',300),(121,9,10,'2023-11-25','2023-11-28',300),(122,3,7,'2023-12-02','2023-12-05',300),(123,6,2,'2023-12-09','2023-12-12',300),(124,1,11,'2023-12-16','2023-12-19',300),(125,8,5,'2023-12-23','2023-12-26',300),(126,4,9,'2023-12-30','2024-01-02',300),(127,10,3,'2024-01-06','2024-01-09',300),(128,2,12,'2024-01-13','2024-01-16',300),(129,7,1,'2024-01-20','2024-01-23',300),(130,5,8,'2024-01-27','2024-01-30',300),(131,9,4,'2024-02-03','2024-02-06',300),(132,3,6,'2024-02-10','2024-02-13',300),(133,6,10,'2024-02-17','2024-02-20',300),(134,1,7,'2024-02-24','2024-02-27',300),(135,8,2,'2024-03-02','2024-03-05',300),(136,4,11,'2024-03-09','2024-03-12',300),(137,10,5,'2024-03-16','2024-03-19',300),(138,2,9,'2024-03-23','2024-03-26',300),(139,7,3,'2023-10-03','2023-10-06',300),(140,5,12,'2023-10-10','2023-10-13',300),(141,9,1,'2023-10-17','2023-10-20',300),(142,3,8,'2023-10-24','2023-10-27',300),(143,6,4,'2023-10-31','2023-11-03',300),(144,1,6,'2023-11-07','2024-02-09',300),(145,8,10,'2023-11-14','2023-11-17',300),(146,4,7,'2023-11-21','2023-11-24',300),(147,10,2,'2023-11-28','2023-12-01',300),(148,2,11,'2023-12-05','2023-12-08',300),(149,7,5,'2023-12-12','2023-12-15',300),(150,5,9,'2023-12-19','2023-12-22',300),(151,9,3,'2023-12-26','2023-12-29',300),(152,3,12,'2024-01-02','2024-01-05',300),(153,6,1,'2024-01-09','2024-01-12',300),(154,1,8,'2024-01-16','2024-01-19',300),(155,8,4,'2024-01-23','2024-01-26',300),(156,4,6,'2024-01-30','2024-02-02',300),(157,10,10,'2024-02-06','2024-02-09',300),(158,2,7,'2024-02-13','2024-02-16',300),(159,7,2,'2024-02-20','2024-02-23',300),(160,5,11,'2024-02-27','2024-03-01',300),(161,9,5,'2024-03-05','2024-03-08',300),(162,3,9,'2024-03-12','2024-03-15',300),(163,6,3,'2024-03-19','2024-03-22',300),(164,1,12,'2024-03-26','2024-03-29',300),(165,8,1,'2023-10-01','2023-10-04',300),(166,4,8,'2023-10-08','2023-10-11',300),(167,10,4,'2023-10-15','2023-10-18',300),(168,2,6,'2023-10-22','2024-01-24',300),(169,7,10,'2023-10-29','2023-11-01',300),(170,5,7,'2023-11-05','2023-11-08',300),(171,9,2,'2023-11-12','2023-11-15',300),(172,3,11,'2023-11-19','2023-11-22',300),(173,6,5,'2023-11-26','2023-11-29',300),(174,1,9,'2023-12-03','2023-12-06',300),(175,8,3,'2023-12-10','2023-12-13',300),(176,4,12,'2023-12-17','2023-12-20',300),(177,10,1,'2023-12-24','2023-12-27',300),(178,2,8,'2023-12-31','2024-01-03',300),(179,7,4,'2024-01-07','2024-01-10',300),(180,5,6,'2024-01-14','2024-01-17',300),(181,9,10,'2024-01-21','2024-01-24',300),(182,3,7,'2024-01-28','2024-01-31',300),(183,6,2,'2024-02-04','2024-02-07',300),(184,1,11,'2024-02-11','2024-02-14',300),(185,8,5,'2024-02-18','2024-02-21',300),(186,4,9,'2024-02-25','2024-02-28',300),(187,10,3,'2024-03-03','2024-03-06',300),(188,2,12,'2024-03-10','2024-03-13',300),(189,7,1,'2024-03-17','2024-03-20',300),(190,5,8,'2024-03-24','2024-03-27',300);

UNLOCK TABLES;

-- Table structure for table `fuelling`

DROP TABLE IF EXISTS `fuelling`;

CREATE TABLE `fuelling` (
  `FuellingID` int NOT NULL,
  `AircraftID` int NOT NULL,
  `teamid` int NOT NULL,
  `Date` date NOT NULL,
  `Time` time DEFAULT NULL,
  `PricePerGallon` decimal(8,3) NOT NULL,
  `Gallons` decimal(8,3) NOT NULL,
  `flat_fee` int NOT NULL,
  PRIMARY KEY (`FuellingID`),
  UNIQUE KEY `FuellingID_UNIQUE` (`FuellingID`),
  KEY `fk_fuelling_serviceteams1_idx` (`teamid`),
  KEY `fk_fuelling_aircraft1_idx` (`AircraftID`),
  CONSTRAINT `fk_fuelling_aircraft1` FOREIGN KEY (`AircraftID`) REFERENCES `aircraft` (`AircraftID`),
  CONSTRAINT `fk_fuelling_serviceteams1` FOREIGN KEY (`teamid`) REFERENCES `serviceteams` (`TeamID`)
) ENGINE=InnoDB DEFAULT CHARSET=utf8mb4 COLLATE=utf8mb4_0900_ai_ci;

-- Dumping data for table `fuelling`

LOCK TABLES `fuelling` WRITE;

INSERT INTO `fuelling` VALUES (1,5,3,'2023-10-01','08:15:00',245.123,1800.456,50),(2,8,6,'2023-10-02','11:30:00',260.789,1500.234,200),(3,2,9,'2023-10-03','14:45:00',248.567,2100.789,50),(4,11,2,'2023-10-04','17:00:00',255.321,6800.123,500),(5,7,5,'2023-10-05','09:20:00',262.456,1700.456,200),(6,4,8,'2023-10-06','12:35:00',249.789,1900.789,50),(7,9,1,'2023-10-07','15:50:00',257.123,1600.456,200),(8,6,4,'2023-10-08','18:05:00',251.456,2000.123,50),(9,3,7,'2023-10-09','10:25:00',264.789,1800.789,50),(10,12,10,'2023-10-10','13:40:00',258.567,7000.456,500),(11,1,3,'2023-10-11','16:55:00',252.321,1700.123,50),(12,10,6,'2023-10-12','19:10:00',266.456,1600.456,200),(13,5,9,'2023-10-13','08:25:00',254.789,2100.789,50),(14,8,2,'2023-10-14','11:40:00',259.123,1900.123,200),(15,2,5,'2023-10-15','14:55:00',247.456,1800.456,50),(16,11,8,'2023-10-16','17:10:00',261.789,6900.789,500),(17,7,1,'2023-10-17','09:30:00',249.567,1700.567,200),(18,4,4,'2023-10-18','12:45:00',255.321,2000.321,50),(19,9,7,'2023-10-19','16:00:00',263.456,1600.456,200),(20,6,10,'2023-10-20','18:15:00',250.789,2100.789,50),(21,3,3,'2023-10-21','10:35:00',257.123,1900.123,50),(22,12,6,'2023-10-22','13:50:00',265.456,7100.456,500),(23,1,9,'2023-10-23','17:05:00',251.789,1800.789,50),(24,10,2,'2023-10-24','19:20:00',260.567,1700.567,200),(25,5,5,'2023-10-25','08:35:00',253.321,2000.321,50),(26,8,8,'2023-10-26','11:50:00',264.456,1600.456,200),(27,2,1,'2023-10-27','15:05:00',246.789,2100.789,50),(28,11,4,'2023-10-28','17:20:00',259.123,6800.123,500),(29,7,7,'2023-10-29','09:40:00',251.456,1900.456,200),(30,4,10,'2023-10-30','12:55:00',256.789,1800.789,50),(31,9,3,'2023-10-31','16:10:00',262.567,1700.567,200),(32,6,6,'2023-11-01','18:25:00',249.321,2000.321,50),(33,3,9,'2023-11-02','10:45:00',255.456,2100.456,50),(34,12,2,'2023-11-03','14:00:00',263.789,7200.789,500),(35,1,5,'2023-11-04','17:15:00',250.123,1600.123,50),(36,10,8,'2023-11-05','19:30:00',257.456,1900.456,200),(37,5,1,'2023-11-06','08:45:00',252.789,2000.789,50),(38,8,4,'2023-11-07','12:00:00',260.567,1800.567,200),(39,2,7,'2023-11-08','15:15:00',245.321,1700.321,50),(40,11,10,'2023-11-09','17:30:00',258.456,6900.456,500),(41,7,3,'2023-11-10','09:50:00',253.789,2100.789,200),(42,4,6,'2023-11-11','13:05:00',261.123,1900.123,50),(43,9,9,'2023-11-12','16:20:00',256.456,1800.456,200),(44,6,2,'2023-11-13','18:35:00',248.789,2000.789,50),(45,3,5,'2023-11-14','10:55:00',254.567,2100.567,50),(46,12,8,'2023-11-15','14:10:00',262.321,7300.321,500),(47,1,1,'2023-11-16','17:25:00',249.456,1700.456,50),(48,10,4,'2023-11-17','19:40:00',255.789,1600.789,200),(49,5,7,'2023-11-18','08:55:00',251.123,2000.123,50),(50,8,10,'2023-11-19','12:10:00',259.456,1900.456,200),(51,2,3,'2023-11-20','15:25:00',244.789,1800.789,50),(52,11,6,'2023-11-21','17:40:00',257.567,7000.567,500),(53,7,9,'2023-11-22','10:00:00',252.321,2100.321,200),(54,4,2,'2023-11-23','13:15:00',260.456,1700.456,50),(55,9,5,'2023-11-24','16:30:00',255.789,1600.789,200),(56,6,8,'2023-11-25','18:45:00',247.123,2000.123,50),(57,3,1,'2023-11-26','11:05:00',253.456,2100.456,50),(58,12,4,'2023-11-27','14:20:00',261.789,7400.789,500),(59,1,7,'2023-11-28','17:35:00',248.567,1800.567,50),(60,10,10,'2023-11-29','19:50:00',254.321,1900.321,200),(61,5,3,'2023-11-30','09:05:00',250.456,2000.456,50),(62,8,6,'2023-12-01','12:20:00',258.789,1700.789,200),(63,2,9,'2023-12-02','15:35:00',243.123,2100.123,50),(64,11,2,'2023-12-03','17:50:00',256.456,6800.456,500),(65,7,5,'2023-12-04','10:10:00',251.789,2000.789,200),(66,4,8,'2023-12-05','13:25:00',259.567,1900.567,50),(67,9,1,'2023-12-06','16:40:00',254.321,1800.321,200),(68,6,4,'2023-12-07','18:55:00',246.456,2100.456,50),(69,3,7,'2023-12-08','11:15:00',252.789,2000.789,50),(70,12,10,'2023-12-09','14:30:00',260.123,7500.123,500),(71,1,3,'2023-12-10','17:45:00',247.456,1700.456,50),(72,10,6,'2023-12-11','20:00:00',253.789,1600.789,200),(73,5,9,'2023-12-12','09:15:00',249.567,2100.567,50),(74,8,2,'2023-12-13','12:30:00',257.321,1900.321,200),(75,2,5,'2023-12-14','15:45:00',242.456,1800.456,50),(76,11,8,'2023-12-15','18:00:00',255.789,6900.789,500),(77,7,1,'2023-12-16','10:20:00',251.123,2000.123,200),(78,4,4,'2023-12-17','13:35:00',258.456,1700.456,50),(79,9,7,'2023-12-18','16:50:00',253.789,1600.789,200),(80,6,10,'2023-12-19','19:05:00',245.123,2100.123,50),(81,3,3,'2023-12-20','11:25:00',251.456,2000.456,50),(82,12,6,'2023-12-21','14:40:00',259.789,7600.789,500),(83,1,9,'2023-12-22','17:55:00',246.567,1800.567,50),(84,10,2,'2023-12-23','20:10:00',252.321,1900.321,200),(85,5,5,'2023-12-24','09:25:00',248.456,2000.456,50),(86,8,8,'2023-12-25','12:40:00',256.789,1700.789,200),(87,2,1,'2023-12-26','15:55:00',241.123,2100.123,50),(88,1,5,'2023-10-15','09:23:45',245.789,1789.456,50),(89,2,8,'2023-11-22','14:38:12',261.234,1567.890,50),(90,3,3,'2023-12-05','18:51:27',249.678,2145.321,50),(91,4,6,'2024-01-18','07:15:39',268.901,1923.456,50),(92,5,9,'2024-02-28','11:42:17',257.456,1678.234,50),(93,6,2,'2024-03-10','16:29:53',243.789,2012.567,50),(94,7,7,'2023-10-23','20:17:08',259.123,1789.012,200),(95,8,4,'2023-11-30','03:54:21',247.456,1945.678,200),(96,9,1,'2023-12-12','09:31:45',264.789,2123.456,200),(97,10,10,'2024-01-25','13:18:09',271.234,1678.901,200),(98,11,6,'2024-03-06','17:42:33',256.789,6789.123,500),(99,12,3,'2023-10-31','22:05:57',249.012,7012.345,500),(100,1,8,'2023-11-14','05:28:41',261.456,1567.789,50),(101,2,5,'2023-12-21','10:51:15',247.234,2234.567,50),(102,3,2,'2024-01-03','15:13:49',253.789,1901.234,50),(103,4,9,'2024-02-16','19:36:23',268.456,1678.901,50),(104,5,7,'2024-03-29','23:59:07',245.123,2345.678,50),(105,6,4,'2023-10-08','04:21:31',259.789,1789.012,50),(106,7,1,'2023-11-19','08:44:55',247.456,2123.456,200),(107,8,10,'2023-12-31','13:07:19',264.123,1901.789,200),(108,9,6,'2024-01-12','17:29:43',271.789,1567.012,200),(109,10,3,'2024-02-24','21:52:07',256.234,2345.678,200),(110,11,8,'2024-03-07','02:14:31',249.567,6567.891,500),(111,12,5,'2023-10-20','06:37:55',265.123,7234.567,500),(112,1,2,'2023-11-02','11:00:19',251.789,1678.901,50),(113,2,9,'2023-12-15','15:22:43',257.456,2012.345,50),(114,3,7,'2024-01-27','19:45:07',243.123,1789.678,50),(115,4,4,'2024-03-09','00:07:31',269.789,1567.012,50),(116,5,1,'2023-10-12','04:30:55',255.234,2345.678,50),(117,6,10,'2023-11-24','08:53:19',261.567,1901.234,50),(118,7,6,'2023-12-06','13:15:43',247.891,2123.456,200),(119,8,3,'2024-01-18','17:38:07',263.456,1678.901,200),(120,9,8,'2024-02-29','21:00:31',257.123,2567.891,200),(121,10,5,'2024-03-12','00:23:55',251.789,1234.567,200),(122,11,2,'2023-10-25','04:46:19',267.234,6901.234,500),(123,12,9,'2023-11-07','09:08:43',253.567,7567.891,500),(124,1,7,'2023-12-19','13:31:07',259.123,1789.012,50),(125,2,4,'2024-01-31','17:53:31',245.789,2345.678,50),(126,3,1,'2024-02-13','22:15:55',261.234,1567.891,50),(127,4,10,'2024-03-26','02:38:19',247.567,2123.456,50),(128,5,6,'2023-10-08','06:00:43',253.891,1678.234,50),(129,6,3,'2023-11-20','10:23:07',269.456,1901.567,50),(130,7,8,'2023-12-02','14:45:31',255.123,2789.012,200),(131,8,5,'2024-01-14','19:07:55',261.789,1567.345,200),(132,9,2,'2024-02-26','23:30:19',247.234,2345.678,200),(133,10,9,'2024-03-10','03:52:43',263.567,1789.901,200),(134,11,7,'2023-10-22','08:15:07',257.891,6234.567,500),(135,12,4,'2023-11-04','12:37:31',251.456,7901.234,500),(136,1,1,'2023-12-17','16:59:55',267.123,1567.789,50),(137,2,10,'2024-01-29','21:22:19',253.789,2345.012,50),(138,3,6,'2024-02-10','01:44:43',259.234,1678.456,50),(139,4,3,'2024-03-23','06:07:07',245.567,2901.789,50),(140,5,8,'2023-10-05','10:29:31',261.891,1234.123,50),(141,6,5,'2023-11-17','14:51:55',247.456,2567.456,50),(142,7,2,'2023-12-30','19:14:19',263.123,1789.789,200),(143,8,9,'2024-01-11','23:36:43',257.789,2123.012,200),(144,9,7,'2024-02-23','03:59:07',251.234,1678.345,200),(145,10,4,'2024-03-06','08:21:31',267.567,2345.678,200),(146,11,1,'2023-10-18','12:43:55',253.891,6567.901,500),(147,12,10,'2023-11-30','17:06:19',259.456,7234.234,500),(148,1,6,'2023-12-12','21:28:43',245.123,1901.567,50),(149,2,3,'2024-01-24','01:51:07',261.789,1567.890,50),(150,3,8,'2024-03-07','06:13:31',247.234,2345.123,50);

UNLOCK TABLES;

-- Table structure for table `groundslot`

DROP TABLE IF EXISTS `groundslot`;

CREATE TABLE `groundslot` (
  `groundID` int NOT NULL,
  `Location` varchar(100) NOT NULL,
  `fee_per_day` int NOT NULL,
  PRIMARY KEY (`groundID`)
) ENGINE=InnoDB DEFAULT CHARSET=utf8mb4 COLLATE=utf8mb4_0900_ai_ci;

-- Dumping data for table `groundslot`

LOCK TABLES `groundslot` WRITE;

INSERT INTO `groundslot` VALUES (5,'Airport Terminal A',300),(6,'Airport Terminal B',300),(7,'Airport Cargo Area C',300),(8,'Airport Cargo Area D',300);

UNLOCK TABLES;

-- Table structure for table `hangar`

DROP TABLE IF EXISTS `hangar`;

CREATE TABLE `hangar` (
  `hangarid` int NOT NULL,
  `location` varchar(45) DEFAULT NULL,
  `fee_per_day` int NOT NULL COMMENT '2000',
  PRIMARY KEY (`hangarid`),
  UNIQUE KEY `hangarid_UNIQUE` (`hangarid`)
) ENGINE=InnoDB DEFAULT CHARSET=utf8mb4 COLLATE=utf8mb4_0900_ai_ci;

-- Dumping data for table `hangar`

LOCK TABLES `hangar` WRITE;

INSERT INTO `hangar` VALUES (1,'Biggins North Wing',2000),(2,'Biggins Horizon South Wing',2000),(3,'Biggins East Wing',2000),(4,'Biggins Horizon West Wing',2000);

UNLOCK TABLES;

-- Table structure for table `leasing`

DROP TABLE IF EXISTS `leasing`;

CREATE TABLE `leasing` (
  `LeaseID` int NOT NULL,
  `AircraftID` int DEFAULT NULL,
  `CustomerID` int DEFAULT NULL,
  `date` date DEFAULT NULL,
  PRIMARY KEY (`LeaseID`),
  KEY `fk_leasing_aircraft1_idx` (`AircraftID`),
  KEY `fk_leasing_customer1_idx` (`CustomerID`),
  CONSTRAINT `fk_leasing_aircraft1` FOREIGN KEY (`AircraftID`) REFERENCES `aircraft` (`AircraftID`),
  CONSTRAINT `fk_leasing_customer1` FOREIGN KEY (`CustomerID`) REFERENCES `customer` (`CustomerID`)
) ENGINE=InnoDB DEFAULT CHARSET=utf8mb4 COLLATE=utf8mb4_0900_ai_ci;

-- Dumping data for table `leasing`

LOCK TABLES `leasing` WRITE;

INSERT INTO `leasing` VALUES (1,5,2,'2023-08-12'),(2,11,7,'2024-02-28'),(3,3,9,'2023-11-05'),(4,8,1,'2024-05-17'),(5,2,4,'2023-06-23'),(6,12,6,'2024-01-09'),(7,7,3,'2023-09-30'),(8,1,8,'2024-04-14'),(9,10,5,'2023-07-19'),(10,6,10,'2024-03-02'),(11,4,2,'2023-12-08'),(12,9,7,'2024-06-25'),(13,5,9,'2023-10-11'),(14,11,1,'2024-03-29'),(15,3,4,'2023-05-06'),(16,8,6,'2024-02-20'),(17,2,3,'2023-08-27'),(18,12,8,'2024-05-13'),(19,7,5,'2023-11-18'),(20,1,10,'2024-04-01');

UNLOCK TABLES;

-- Table structure for table `maintainence_part_record`

DROP TABLE IF EXISTS `maintainence_part_record`;

CREATE TABLE `maintainence_part_record` (
  `maintainence_part_id` int NOT NULL AUTO_INCREMENT,
  `teamid` int DEFAULT NULL,
  `maintainence_part_date` date DEFAULT NULL,
  `part_name` varchar(45) NOT NULL,
  `part_number` int NOT NULL,
  `work_desc` varchar(100) DEFAULT NULL,
  `HoursSpent` int NOT NULL,
  `Cost` decimal(7,2) NOT NULL,
  PRIMARY KEY (`maintainence_part_id`),
  UNIQUE KEY `maintainence_part_id_UNIQUE` (`maintainence_part_id`),
  KEY `fk_maintainence_part_record_serviceteams1_idx` (`teamid`),
  CONSTRAINT `fk_maintainence_part_record_serviceteams1` FOREIGN KEY (`teamid`) REFERENCES `serviceteams` (`TeamID`)
) ENGINE=InnoDB AUTO_INCREMENT=121 DEFAULT CHARSET=utf8mb4 COLLATE=utf8mb4_0900_ai_ci;

-- Dumping data for table `maintainence_part_record`

LOCK TABLES `maintainence_part_record` WRITE;

INSERT INTO `maintainence_part_record` VALUES (1,1,'2023-10-01','Aileron',2,'Repair and lubrication of ailerons',6,7500.25),(2,2,'2023-10-05','Rudder',1,'Replacement of rudder control cables',5,6200.75),(3,3,'2023-10-10','Flap',4,'Inspection and adjustment of flaps',4,5100.00),(4,4,'2023-10-15','Landing Gear',2,'Overhaul of landing gear system',7,8700.50),(5,5,'2023-10-20','Engine Cowling',1,'Repair of engine cowling dents',5,6400.25),(6,6,'2023-10-25','Propeller',2,'Balancing and inspection of propellers',6,7300.75),(7,7,'2023-10-30','Fuel Pump',3,'Replacement of fuel pump components',5,6800.00),(8,8,'2023-11-03','Windshield',1,'Replacement of cracked windshield',6,7600.50),(9,9,'2023-11-08','Elevator',2,'Lubrication and adjustment of elevators',4,5400.25),(10,10,'2023-11-13','Brake System',4,'Overhaul of brake system components',7,8900.75),(11,1,'2023-11-18','Pitot Tube',2,'Inspection and cleaning of pitot tubes',5,6100.00),(12,2,'2023-11-23','Fuel Tank',1,'Repair of fuel tank leaks',6,7700.50),(13,3,'2023-11-28','Avionics',3,'Upgrade of avionics systems',7,9200.25),(14,4,'2023-12-03','Hydraulic Pump',2,'Replacement of hydraulic pump',6,7500.75),(15,5,'2023-12-08','Battery',4,'Replacement of aircraft batteries',5,6300.00),(16,6,'2023-12-13','Alternator',2,'Overhaul of alternator system',6,7800.50),(17,7,'2023-12-18','Starter',1,'Repair of starter motor',4,5600.25),(18,8,'2023-12-23','Oxygen System',3,'Inspection and servicing of oxygen system',7,8700.75),(19,9,'2023-12-28','Cabin Pressurization',2,'Repair of cabin pressurization system',6,7400.00),(20,10,'2024-01-02','Deicing System',4,'Overhaul of deicing system components',7,9100.50),(21,1,'2024-01-07','Autopilot',2,'Upgrade of autopilot system',6,7700.25),(22,2,'2024-01-12','Radar',1,'Inspection and calibration of radar',5,6500.75),(23,3,'2024-01-17','Transponder',3,'Replacement of transponder unit',4,5800.00),(24,4,'2024-01-22','Navigation Lights',4,'Repair and replacement of navigation lights',6,7200.50),(25,5,'2024-01-27','Strobe Lights',2,'Overhaul of strobe light system',5,6600.25),(26,6,'2024-02-01','Landing Lights',3,'Replacement of landing light bulbs',4,5400.75),(27,7,'2024-02-06','Cargo Door',1,'Repair of cargo door mechanism',6,7900.00),(28,8,'2024-02-11','Cargo Handling System',4,'Inspection and servicing of cargo handling system',7,8800.50),(29,9,'2024-02-16','Galley Equipment',2,'Overhaul of galley equipment',6,7100.25),(30,10,'2024-02-21','Lavatory',3,'Repair and replacement of lavatory components',5,6700.75),(31,1,'2024-02-26','Cabin Seats',4,'Reupholstering of cabin seats',6,7500.00),(32,2,'2024-03-02','Cabin Lighting',2,'Replacement of cabin lighting fixtures',4,5800.50),(33,3,'2024-03-07','Cabin Entertainment',3,'Upgrade of cabin entertainment systems',7,9100.25),(34,4,'2024-03-12','Air Conditioning',4,'Overhaul of air conditioning system',6,7700.75),(35,5,'2024-03-17','Auxiliary Power Unit',1,'Repair of auxiliary power unit',5,6400.00),(36,6,'2024-03-22','Fire Extinguisher',2,'Inspection and servicing of fire extinguishers',4,5600.50),(37,7,'2024-03-27','Emergency Lighting',3,'Replacement of emergency lighting batteries',6,7300.25),(38,8,'2023-10-02','Flap Track',2,'Lubrication and adjustment of flap tracks',5,6200.75),(39,9,'2023-10-07','Aileron Trim Tab',1,'Repair of aileron trim tab',4,5400.00),(40,10,'2023-10-12','Rudder Pedal',3,'Overhaul of rudder pedal assembly',6,7800.50),(41,1,'2023-10-17','Elevator Trim Tab',2,'Adjustment of elevator trim tab',5,6500.25),(42,2,'2023-10-22','Nose Gear Door',1,'Repair of nose gear door mechanism',4,5700.75),(43,3,'2023-10-27','Main Gear Door',2,'Replacement of main gear door actuators',6,7400.00),(44,4,'2023-11-01','Wing Flap Actuator',4,'Overhaul of wing flap actuators',7,8600.50),(45,5,'2023-11-06','Spoiler Actuator',2,'Repair of spoiler actuators',5,6800.25),(46,6,'2023-11-11','Thrust Reverser',3,'Inspection and servicing of thrust reversers',6,7700.75),(47,7,'2023-11-16','Engine Nacelle',1,'Repair of engine nacelle dents',4,5900.00),(48,8,'2023-11-21','Engine Cowling Latch',2,'Replacement of engine cowling latches',5,6600.50),(49,9,'2023-11-26','Engine Air Intake',4,'Cleaning and inspection of engine air intakes',6,7200.25),(50,10,'2023-12-01','Engine Bleed Air',2,'Repair of engine bleed air system',7,8500.75),(51,1,'2023-12-06','Engine Oil System',3,'Overhaul of engine oil system components',6,7900.00),(52,2,'2023-12-11','Engine Fuel System',4,'Inspection and servicing of engine fuel system',5,6100.50),(53,3,'2023-12-16','Engine Ignition',2,'Replacement of engine ignition components',4,5300.25),(54,4,'2023-12-21','Engine Starter',1,'Repair of engine starter motor',6,7600.75),(55,5,'2023-12-26','Engine Vibration Damper',3,'Replacement of engine vibration dampers',7,8800.00),(56,6,'2023-12-31','Engine Accessory Gearbox',2,'Overhaul of engine accessory gearbox',6,7400.50),(57,7,'2024-01-05','Engine Exhaust System',4,'Repair of engine exhaust system leaks',5,6700.25),(58,8,'2024-01-10','Engine Fire Detection',2,'Inspection and testing of engine fire detection system',4,5500.75),(59,9,'2024-01-15','Engine Cooling System',3,'Replacement of engine cooling system components',6,7100.00),(60,10,'2024-01-20','Engine Anti-Ice',4,'Overhaul of engine anti-ice system',7,8400.50),(61,1,'2023-10-01','Aileron',2,'Repair and lubrication of ailerons',6,7500.25),(62,2,'2023-10-05','Rudder',1,'Replacement of rudder control cables',5,6200.75),(63,3,'2023-10-10','Flap',4,'Inspection and adjustment of flaps',4,5100.00),(64,4,'2023-10-15','Landing Gear',2,'Overhaul of landing gear system',7,8700.50),(65,5,'2023-10-20','Engine Cowling',1,'Repair of engine cowling dents',5,6400.25),(66,6,'2023-10-25','Propeller',2,'Balancing and inspection of propellers',6,7300.75),(67,7,'2023-10-30','Fuel Pump',3,'Replacement of fuel pump',4,5600.00),(68,8,'2023-11-03','Windshield',1,'Replacement of cracked windshield',5,6800.50),(69,9,'2023-11-08','Elevator',2,'Lubrication and adjustment of elevators',6,7100.25),(70,10,'2023-11-13','Brake Pads',4,'Replacement of brake pads',4,5400.75),(71,1,'2023-11-18','Pitot Tube',1,'Inspection and cleaning of pitot tube',5,6500.00),(72,2,'2023-11-23','Alternator',2,'Replacement of alternator',6,7800.50),(73,3,'2023-11-28','Starter',1,'Repair of starter motor',4,5700.25),(74,4,'2023-12-03','Battery',2,'Replacement of aircraft battery',5,6600.75),(75,5,'2023-12-08','Avionics',3,'Upgrade of avionics system',7,8900.00),(76,6,'2023-12-13','Hydraulic Pump',1,'Replacement of hydraulic pump',6,7400.50),(77,7,'2023-12-18','Fuel Injector',4,'Cleaning and adjustment of fuel injectors',5,6200.25),(78,8,'2023-12-23','Spark Plug',6,'Replacement of spark plugs',4,5500.75),(79,9,'2023-12-28','Oil Filter',2,'Replacement of oil filter',5,6300.00),(80,10,'2024-01-02','Air Filter',3,'Replacement of air filter',6,7700.50),(81,1,'2024-01-07','Exhaust System',1,'Repair of exhaust system leaks',4,5800.25),(82,2,'2024-01-12','Ignition System',2,'Overhaul of ignition system',7,8600.75),(83,3,'2024-01-17','Carburetor',1,'Cleaning and adjustment of carburetor',5,6400.00),(84,4,'2024-01-22','Fuel Tank',2,'Inspection and repair of fuel tank',6,7900.50),(85,5,'2024-01-27','Vacuum Pump',1,'Replacement of vacuum pump',4,5600.25),(86,6,'2024-02-01','Gyroscope',3,'Calibration and testing of gyroscope',5,6700.75),(87,7,'2024-02-06','Autopilot',1,'Upgrade of autopilot system',6,7500.00),(88,8,'2024-02-11','Radar',2,'Repair of radar system',7,8800.50),(89,9,'2024-02-16','Transponder',1,'Replacement of transponder',5,6100.25),(90,10,'2024-02-21','Navigation Light',4,'Replacement of navigation lights',4,5900.75),(91,1,'2024-02-26','Strobe Light',2,'Repair of strobe light system',6,7200.00),(92,2,'2024-03-02','Landing Light',3,'Replacement of landing lights',5,6500.50),(93,3,'2024-03-07','Cabin Heater',1,'Repair of cabin heater',4,5700.25),(94,4,'2024-03-12','Cabin Pressurization',2,'Overhaul of cabin pressurization system',7,8400.75),(95,5,'2024-03-17','Oxygen System',1,'Inspection and servicing of oxygen system',6,7100.00),(96,6,'2024-03-22','Fire Extinguisher',4,'Replacement of fire extinguishers',5,6300.50),(97,7,'2024-03-27','Emergency Locator',1,'Testing and battery replacement of ELT',4,5800.25),(98,8,'2023-10-02','Aileron Trim Tab',3,'Adjustment of aileron trim tabs',5,6400.75),(99,9,'2023-10-07','Elevator Trim Tab',2,'Lubrication of elevator trim tabs',6,7600.00),(100,10,'2023-10-12','Rudder Trim Tab',1,'Replacement of rudder trim tab',4,5200.50),(101,1,'2023-10-17','Flap Track',4,'Cleaning and lubrication of flap tracks',7,8500.25),(102,2,'2023-10-22','Wing Spar',2,'Inspection of wing spars for cracks',5,6700.75),(103,3,'2023-10-27','Fuselage Skin',3,'Repair of fuselage skin dents',6,7400.00),(104,4,'2023-11-01','Empennage',1,'Inspection of empennage structure',4,5300.50),(105,5,'2023-11-06','Control Surface',5,'Balancing and rigging of control surfaces',7,8900.25),(106,6,'2023-11-11','Cowling Fastener',6,'Replacement of cowling fasteners',5,6500.75),(107,7,'2023-11-16','Canopy',1,'Repair of cracked canopy',6,7700.00),(108,8,'2023-11-21','Seat Belt',4,'Replacement of seat belts',4,5400.50),(109,9,'2023-11-26','Cabin Door',2,'Lubrication and adjustment of cabin door',5,6600.25),(110,10,'2023-12-01','Baggage Door',3,'Repair of baggage door latch',6,7800.75),(111,1,'2023-12-06','Cargo Net',1,'Replacement of cargo net',7,8200.00),(112,2,'2023-12-11','Tow Bar',2,'Inspection and servicing of tow bar',5,6100.50),(113,3,'2023-12-16','Tie-Down Ring',4,'Replacement of tie-down rings',4,5500.25),(114,4,'2023-12-21','Wheel Chock',3,'Repair of wheel chocks',6,7300.75),(115,5,'2023-12-26','Tarpaulin',2,'Replacement of tarpaulin cover',5,6700.00),(116,6,'2023-12-31','Grounding Cable',1,'Inspection and testing of grounding cable',7,8100.50),(117,7,'2024-01-05','Pitot Cover',5,'Replacement of pitot covers',4,5600.25),(118,8,'2024-01-10','Intake Cover',3,'Repair of intake covers',6,7400.75),(119,9,'2024-01-15','Exhaust Cover',2,'Replacement of exhaust covers',5,6800.00),(120,10,'2024-01-20','Blade Tie',4,'Inspection and adjustment of blade ties',7,8500.50);

UNLOCK TABLES;

-- Table structure for table `maintenancerecord`

DROP TABLE IF EXISTS `maintenancerecord`;

CREATE TABLE `maintenancerecord` (
  `MaintenanceID` int NOT NULL AUTO_INCREMENT,
  `AircraftID` int NOT NULL,
  `maintainence_part_id` int NOT NULL,
  PRIMARY KEY (`MaintenanceID`),
  UNIQUE KEY `MaintenanceID_UNIQUE` (`MaintenanceID`),
  KEY `fk_maintenancerecord_maintainence_part_record1_idx` (`maintainence_part_id`),
  KEY `fk_maintenancerecord_aircraft1_idx` (`AircraftID`),
  CONSTRAINT `fk_maintenancerecord_aircraft1` FOREIGN KEY (`AircraftID`) REFERENCES `aircraft` (`AircraftID`),
  CONSTRAINT `fk_maintenancerecord_maintainence_part_record1` FOREIGN KEY (`maintainence_part_id`) REFERENCES `maintainence_part_record` (`maintainence_part_id`)
) ENGINE=InnoDB AUTO_INCREMENT=121 DEFAULT CHARSET=utf8mb4 COLLATE=utf8mb4_0900_ai_ci;

-- Dumping data for table `maintenancerecord`

LOCK TABLES `maintenancerecord` WRITE;

INSERT INTO `maintenancerecord` VALUES (1,1,1),(2,2,2),(3,3,3),(4,4,4),(5,5,5),(6,6,6),(7,7,7),(8,8,8),(9,9,9),(10,10,10),(11,11,11),(12,12,12),(13,1,13),(14,2,14),(15,3,15),(16,4,16),(17,5,17),(18,6,18),(19,7,19),(20,8,20),(21,9,21),(22,10,22),(23,11,23),(24,12,24),(25,1,25),(26,2,26),(27,3,27),(28,4,28),(29,5,29),(30,6,30),(31,7,31),(32,8,32),(33,9,33),(34,10,34),(35,11,35),(36,12,36),(37,1,37),(38,2,38),(39,3,39),(40,4,40),(41,5,41),(42,6,42),(43,7,43),(44,8,44),(45,9,45),(46,10,46),(47,11,47),(48,12,48),(49,1,49),(50,2,50),(51,3,51),(52,4,52),(53,5,53),(54,6,54),(55,7,55),(56,8,56),(57,9,57),(58,10,58),(59,11,59),(60,12,60),(61,1,61),(62,2,62),(63,3,63),(64,4,64),(65,5,65),(66,6,66),(67,7,67),(68,8,68),(69,9,69),(70,10,70),(71,11,71),(72,12,72),(73,1,73),(74,2,74),(75,3,75),(76,4,76),(77,5,77),(78,6,78),(79,7,79),(80,8,80),(81,9,81),(82,10,82),(83,11,83),(84,12,84),(85,1,85),(86,2,86),(87,3,87),(88,4,88),(89,5,89),(90,6,90),(91,7,91),(92,8,92),(93,9,93),(94,10,94),(95,11,95),(96,12,96),(97,1,97),(98,2,98),(99,3,99),(100,4,100),(101,5,101),(102,6,102),(103,7,103),(104,8,104),(105,9,105),(106,10,106),(107,11,107),(108,12,108),(109,1,109),(110,2,110),(111,3,111),(112,4,112),(113,5,113),(114,6,114),(115,7,115),(116,8,116),(117,9,117),(118,10,118),(119,11,119),(120,12,120);

UNLOCK TABLES;

-- Table structure for table `parkingreservation`

DROP TABLE IF EXISTS `parkingreservation`;

CREATE TABLE `parkingreservation` (
  `ReservationID` int NOT NULL,
  `parkingID` int NOT NULL,
  `aircraftID` int NOT NULL,
  `StartDate` date NOT NULL,
  `EndDate` date NOT NULL,
  `parking_duration` int NOT NULL COMMENT 'day',
  PRIMARY KEY (`ReservationID`),
  UNIQUE KEY `ReservationID_UNIQUE` (`ReservationID`),
  KEY `fk_parkingreservation_aircraft1_idx` (`aircraftID`),
  CONSTRAINT `fk_parkingreservation_aircraft1` FOREIGN KEY (`aircraftID`) REFERENCES `aircraft` (`AircraftID`)
) ENGINE=InnoDB DEFAULT CHARSET=utf8mb4 COLLATE=utf8mb4_0900_ai_ci;

-- Dumping data for table `parkingreservation`

LOCK TABLES `parkingreservation` WRITE;

INSERT INTO `parkingreservation` VALUES (1,3,11,'2023-10-18','2024-01-20',94),(2,5,12,'2023-10-30','2024-02-01',94),(3,1,8,'2023-11-04','2024-02-06',94),(4,7,6,'2023-11-07','2024-02-09',94),(5,2,6,'2023-10-22','2024-01-24',94),(6,4,7,'2023-10-05','2023-10-08',3),(7,6,2,'2023-10-12','2023-10-15',3),(8,8,5,'2023-10-23','2023-10-26',3),(9,3,9,'2023-10-29','2023-11-02',4),(10,5,3,'2023-11-06','2023-11-09',3),(11,1,1,'2023-11-20','2023-11-23',3),(12,7,4,'2023-12-04','2023-12-07',3),(13,2,10,'2023-12-18','2023-12-21',3),(14,4,2,'2024-01-01','2024-01-04',3),(15,6,5,'2024-01-15','2024-01-18',3),(16,8,3,'2024-01-29','2024-02-01',3),(17,3,1,'2024-02-12','2024-02-15',3),(18,5,4,'2024-02-26','2024-02-29',3),(19,1,10,'2024-03-11','2024-03-14',3),(20,7,7,'2024-03-18','2024-03-21',3),(21,2,11,'2023-10-02','2023-10-05',3),(22,4,9,'2023-10-16','2023-10-19',3),(23,6,1,'2023-11-06','2023-11-09',3),(24,8,8,'2023-11-13','2023-11-16',3),(25,3,6,'2023-11-27','2023-11-30',3),(26,5,10,'2023-12-04','2023-12-07',3),(27,1,2,'2023-12-18','2023-12-21',3),(28,7,5,'2024-01-01','2024-01-04',3),(29,2,3,'2024-01-15','2024-01-18',3),(30,4,1,'2024-01-29','2024-02-01',3),(31,6,4,'2024-02-12','2024-02-15',3),(32,8,10,'2024-02-26','2024-02-29',3),(33,3,2,'2024-03-11','2024-03-14',3),(34,5,11,'2024-03-18','2024-03-21',3),(35,1,3,'2023-10-14','2023-10-17',3),(36,7,1,'2023-10-28','2023-10-31',3),(37,2,4,'2023-11-11','2023-11-14',3),(38,4,10,'2023-11-25','2023-11-28',3),(39,6,7,'2023-12-02','2023-12-05',3),(40,8,11,'2023-12-16','2023-12-19',3),(41,3,5,'2023-12-23','2023-12-26',3),(42,5,9,'2023-12-30','2024-01-02',3),(43,1,12,'2024-01-13','2024-01-16',3),(44,7,8,'2024-01-27','2024-01-30',3),(45,2,6,'2024-02-10','2024-02-13',3),(46,4,7,'2024-02-24','2024-02-27',3),(47,6,5,'2024-03-16','2024-03-19',3),(48,8,3,'2023-10-03','2023-10-06',3),(49,3,1,'2023-10-17','2023-10-20',3),(50,5,4,'2023-10-31','2023-11-03',3),(51,1,10,'2023-11-14','2023-11-17',3),(52,7,2,'2023-11-28','2023-12-01',3),(53,2,5,'2023-12-12','2023-12-15',3),(54,4,3,'2023-12-26','2023-12-29',3),(55,6,12,'2024-01-02','2024-01-05',3),(56,8,1,'2024-01-09','2024-01-12',3),(57,3,4,'2024-01-23','2024-01-26',3),(58,5,10,'2024-02-06','2024-02-09',3),(59,1,7,'2024-02-13','2024-02-16',3),(60,7,11,'2024-02-27','2024-03-01',3),(61,2,9,'2024-03-12','2024-03-15',3),(62,4,12,'2024-03-26','2024-03-29',3),(63,6,8,'2023-10-08','2023-10-11',3),(64,8,4,'2023-10-15','2023-10-18',3),(65,3,10,'2023-10-29','2023-11-01',3),(66,5,2,'2023-11-12','2023-11-15',3),(67,1,11,'2023-11-19','2023-11-22',3),(68,7,9,'2023-12-03','2023-12-06',3),(69,2,3,'2023-12-10','2023-12-13',3),(70,4,1,'2023-12-24','2023-12-27',3),(71,6,4,'2024-01-07','2024-01-10',3),(72,8,10,'2024-01-21','2024-01-24',3),(73,3,2,'2024-02-04','2024-02-07',3),(74,5,5,'2024-02-18','2024-02-21',3),(75,1,3,'2024-03-03','2024-03-06',3),(76,7,1,'2024-03-17','2024-03-20',3);

UNLOCK TABLES;

-- Table structure for table `parkingslot`

DROP TABLE IF EXISTS `parkingslot`;

CREATE TABLE `parkingslot` (
  `parkingid` int NOT NULL,
  `Type` int NOT NULL COMMENT 'link to ground slot or hangar',
  PRIMARY KEY (`parkingid`),
  UNIQUE KEY `parkingid_UNIQUE` (`parkingid`)
) ENGINE=InnoDB DEFAULT CHARSET=utf8mb4 COLLATE=utf8mb4_0900_ai_ci;

-- Dumping data for table `parkingslot`

LOCK TABLES `parkingslot` WRITE;

UNLOCK TABLES;

-- Table structure for table `pilot`

DROP TABLE IF EXISTS `pilot`;

CREATE TABLE `pilot` (
  `PilotID` int NOT NULL AUTO_INCREMENT,
  `Name` varchar(50) DEFAULT NULL,
  `LicenseNum` varchar(50) DEFAULT NULL,
  `Restrictions` varchar(100) DEFAULT NULL,
  `isCustomer` tinyint(1) NOT NULL,
  PRIMARY KEY (`PilotID`),
  UNIQUE KEY `PilotID_UNIQUE` (`PilotID`)
) ENGINE=InnoDB AUTO_INCREMENT=11 DEFAULT CHARSET=utf8mb4 COLLATE=utf8mb4_0900_ai_ci;

-- Dumping data for table `pilot`

LOCK TABLES `pilot` WRITE;

INSERT INTO `pilot` VALUES (1,'John Smith','12345678','None',0),(2,'Emily Johnson','87654321','Glasses required',0),(3,'Michael Brown','45678912','Daylight driving only',1),(4,'Sarah Davis','23456789','None',1),(5,'David Wilson','98765432','Hearing aid required',0),(6,'Jessica Thompson','67890123','None',0),(7,'Christopher Taylor','34567890','Automatic transmission only',0),(8,'Ashley Anderson','90123456','None',1),(9,'Matthew Moore','56789012','Corrective lenses required',1),(10,'Olivia Martinez','12345670','None',0);

UNLOCK TABLES;

-- Table structure for table `serviceteams`

DROP TABLE IF EXISTS `serviceteams`;

CREATE TABLE `serviceteams` (
  `TeamID` int NOT NULL AUTO_INCREMENT,
  `TeamName` varchar(50) DEFAULT NULL,
  `SupervisorID` int DEFAULT NULL,
  PRIMARY KEY (`TeamID`),
  UNIQUE KEY `TeamID_UNIQUE` (`TeamID`),
  KEY `fk_serviceteams_employee1_idx` (`SupervisorID`),
  CONSTRAINT `fk_serviceteams_employee1` FOREIGN KEY (`SupervisorID`) REFERENCES `employee` (`EmployeeID`)
) ENGINE=InnoDB AUTO_INCREMENT=11 DEFAULT CHARSET=utf8mb4 COLLATE=utf8mb4_0900_ai_ci;

-- Dumping data for table `serviceteams`

LOCK TABLES `serviceteams` WRITE;

INSERT INTO `serviceteams` VALUES (1,'Team Alpha',12),(2,'Team Bravo',38),(3,'Team Charlie',4),(4,'Team Delta',7),(5,'Team Echo',20),(6,'Team Foxtrot',28),(7,'Team Golf',31),(8,'Team Hotel',22),(9,'Team India',13),(10,'Team Juliet',1);

UNLOCK TABLES;

-- Table structure for table `team_members`

DROP TABLE IF EXISTS `team_members`;

CREATE TABLE `team_members` (
  `employeeid` int NOT NULL,
  `teamid` int NOT NULL,
  KEY `fk_team_members_employee_idx` (`employeeid`),
  KEY `fk_team_members_serviceteams1_idx` (`teamid`),
  CONSTRAINT `fk_team_members_employee` FOREIGN KEY (`employeeid`) REFERENCES `employee` (`EmployeeID`),
  CONSTRAINT `fk_team_members_serviceteams1` FOREIGN KEY (`teamid`) REFERENCES `serviceteams` (`TeamID`)
) ENGINE=InnoDB DEFAULT CHARSET=utf8mb4 COLLATE=utf8mb4_0900_ai_ci COMMENT='connection table';

-- Dumping data for table `team_members`

LOCK TABLES `team_members` WRITE;

INSERT INTO `team_members` VALUES (1,1),(2,1),(3,1),(4,1),(5,1),(6,2),(7,2),(8,2),(9,2),(10,2),(11,3),(12,3),(13,3),(14,3),(15,3),(16,4),(17,4),(18,4),(19,4),(20,4),(21,5),(22,5),(23,5),(24,5),(25,5),(26,6),(27,6),(28,6),(29,6),(30,6),(31,7),(32,7),(33,7),(34,7),(35,7),(36,8),(37,8),(38,8),(39,8),(40,8),(41,9),(42,9),(43,9),(44,9),(45,9),(46,10),(47,10),(48,10),(49,10),(50,10);

UNLOCK TABLES;

